date,recommendation,confidence,rationale
2025-07-20,Buy,0.62,"The SOL price has been consistently increasing over the past few days, with a strong upward trend in recent days. The MACD indicator is showing a bullish signal, and the RSI is above 50, indicating that the price is currently overbought but still in an upward momentum. Additionally, the Fear & Greed Index is in the ""Greed"" zone, which can be a sign of market exhaustion, making it potentially good timing for buying."
2025-07-21,** Buy,** 0.68,"** The SOL price has been consistently increasing over the past 30 days, with a significant surge in the last few days. The MACD indicator is also turning positive, indicating a potential buy signal. Additionally, the RSI is above 70, suggesting that the SOL price may be due for a correction. However, considering the overall trend and the indicators, the recommended decision is to Buy."
2025-07-23,** Buy,** 0.85,"** SOL has been in a strong uptrend over the last 30 days, with a significant increase in price and trading volume. The fear and greed index has been consistently showing extreme greed levels, indicating that market participants are highly optimistic about the cryptocurrency's future prospects. The MACD (Moving Average Convergence Divergence) indicator is also bullish, with a strong upward trend. Additionally, the RSI (Relative Strength Index) has broken out above 70, suggesting a potential continuation of the uptrend. However, it's essential to note that the price has been volatile in recent days, and a pullback cannot be ruled out. Therefore, I recommend buying SOL with a moderate risk appetite."
2025-07-24,** Hold,** 0.85,**
2025-07-25,Buy,0.83,"The SOL price has been steadily increasing over the past few days, with a significant surge on July 22-23. This is likely due to market momentum and investor enthusiasm. However, I notice that the Fear & Greed Index has been in an extreme greed territory for several days, indicating potential overbought conditions. Additionally, the Relative Strength Index (RSI) values are above 70 on multiple occasions, also suggesting a possible overbought situation. Nevertheless, considering the overall upward trend and strong momentum, I'm leaning towards a Buy decision with moderate confidence due to these potentially cautionary signals."
2025-07-26,Buy,0.8,"The SOL price has been experiencing a strong upward trend over the past 30 days, with a significant increase in its Simple Moving Averages (SMA) across all time frames. The MACD indicator is also indicating a bullish signal, with a recent crossover above the signal line. Additionally, the Fear and Greed Index is currently classified as ""Greed"", which can be a sign of market exhaustion and potential reversal. However, considering the strong momentum and increasing volume, it's likely that SOL will continue to rise in the short term. A buy decision seems warranted with a confidence level of 0.8."
2025-07-27,** Buy,** 0.72,**
2025-07-28,Buy,0.72,"The SOL price has been consistently increasing over the past 30 days, with a high of 206.3 and a low of 141.13. The Simple Moving Average (SMA) indicators are also showing an upward trend, with the 20-day SMA at 159.5 and the 50-day SMA at 155.8. The Relative Strength Index (RSI) is at 82.65, indicating that the price is overbought but still has room to continue its uptrend. Additionally, the MACD indicator is showing a positive crossover, suggesting a potential for further price increases. However, it's essential to note that the Fear and Greed Index has reached an Extreme Greed level, which can be a contrarian indicator for future price movements. Considering these indicators, a Buy decision with moderate confidence (0.72) is recommended."
2025-07-29,** Buy,** 0.72,"** The SOL price has been increasing steadily over the past week, with a significant increase in volume. This suggests a strong upward trend. Additionally, the RSI (Relative Strength Index) is currently at 63.8, which indicates that the asset is neither overbought nor oversold. Furthermore, the MACD (Moving Average Convergence Divergence) line has crossed above the signal line, indicating a potential buy signal. The fear and greed index is in the Greed zone, but it's not extreme, suggesting that the market may be due for a correction or consolidation."
2025-07-30,Buy,0.85,"Based on the data, SOL has been trending upwards over the past 30 days with a significant increase in price and volume. The MACD indicator is also showing a strong bullish signal, indicating a potential break above the current trend line. Additionally, the Fear and Greed Index has been consistently in the ""Greed"" zone, which may be a sign of an overheated market. However, considering the overall upward momentum and the lack of significant bearish signals, it seems like a good time to buy SOL with moderate confidence."
2025-07-31,Buy,0.82,"The SOL price has been increasing steadily over the past few days, with a significant spike on July 23rd. The MACD is also indicating a strong bullish trend, suggesting that SOL may continue to rise in the near future. Additionally, the Fear and Greed Index is currently at ""Greed"" level, which can be considered as an extreme level of optimism. However, this could also mean that the market is ripe for a correction. Considering the technical indicators and the recent price action, it seems like SOL is still on an uptrend."
2025-08-01,** Buy,** 0.75,"** The SOL price has been experiencing a steady increase over the past few days, with a significant spike on July 29 and another minor surge on August 1. This upward trend is likely driven by increasing demand for SOL and the overall positive sentiment in the market. The Fear & Greed Index has remained in the ""Greed"" category throughout this period, indicating a high level of investor optimism. However, I am cautious about the recent drop on August 1, which might be an opportunity to buy. Additionally, the Moving Averages (MA) are still in bullish alignment, with the 50-MA crossing above the 20-MA and both MA lines trending upward."
2025-08-02,Buy,0.68,"The SOL price has been increasing steadily over the past 30 days, with a significant surge in July. The Fear and Greed Index is at extreme greed levels (79), indicating that investors are highly optimistic about the market. However, this also means that there may be some profit-taking and correction in the coming days. The RSI is above 70, which suggests overbought conditions, but it's not yet indicating a strong sell signal. The MACD is still positive, indicating a bullish trend. Considering these indicators, it's a good time to Buy SOL while it's still trending upwards."
2025-08-03,Buy,0.65,"SOL has been in a strong uptrend over the past few days, with a significant increase in price and trading volume. The MACD is also indicating a bullish signal, with a rising line above the signal line. Additionally, the RSI is still within the overbought range but showing signs of cooling off, suggesting that the momentum may be sustaining rather than peaking. Considering these technical indicators and the overall trend, it's likely that SOL will continue to rise in the short term."
2025-08-04,** Hold,** 0.72,**
2025-08-05,** Hold,** 0.82,"** The SOL price has been experiencing a significant increase over the past few days, reaching new highs and showing signs of strong momentum. However, the Fear & Greed Index indicates that investors are currently in an ""Extreme Greed"" state, which could be a sign of overvaluation. Additionally, the RSI (Relative Strength Index) is at 82.65, indicating that SOL may be due for a correction. The MACD (Moving Average Convergence Divergence) indicator also shows a bearish crossover, suggesting a potential reversal in momentum. Considering these signals, it's recommended to hold onto existing positions rather than entering new ones."
2025-08-06,Sell,0.68,"The SOL price has been experiencing a significant increase over the past few days, but it's also showing signs of a potential bubble burst due to its high RSI (82.65) and MACD (11.87). Additionally, the Fear & Greed Index is at Extreme Greed (79), which often precedes a correction. The SOL price has also broken above its 50- and 200-day moving averages, but with some hesitation near the 20-day SMA. Overall, these technical indicators suggest that the SOL price may be due for a correction, making a Sell decision more likely."
2025-08-07,** Buy,** 0.82,"** SOL price has been steadily increasing over the past 30 days, with a significant surge in value on July 22nd and 23rd. The MACD indicator is above the signal line, indicating a potential bullish trend continuation. The RSI is currently at 63.8, which is not yet overbought. The Fear and Greed Index has been in the ""Greed"" category for most of the period, but it's worth noting that it dropped to 55 on August 2nd, suggesting some caution. However, considering the overall trend and indicators, a buy decision seems justified with a moderate confidence level."
2025-08-08,** Hold,** 0.7,**
2025-08-09,Buy,0.78,"The SOL price has shown a significant increase over the last 30 days, with a notable surge from July 25th to August 5th. This is likely due to the overall market conditions and sentiment, as indicated by the Fear and Greed Index values consistently in the ""Greed"" zone. However, on August 6th, the index dropped to the ""Neutral"" zone, suggesting a potential correction or pullback in SOL's price action. The MACD indicator is still positive, but it has decreased from its peak value, indicating a possible exhaustion of bullish momentum. Considering these factors, our analysis suggests that now may be a good time to buy SOL, as prices might stabilize or even see further growth."
2025-08-14,Buy,0.8,"The SOL price has been increasing steadily over the last 30 days, with a 44% growth from its lowest point. The Fear and Greed Index remains in the ""Greed"" zone (average value of 69), indicating an optimistic market sentiment. However, the MACD is showing signs of slowing down, but still above the signal line, suggesting potential for further price increases. The RSI has been rising, but remains below 70, indicating there's room for more upside."
2025-08-15,Sell**,0.72**,"** The SOL price has been in a strong upward trend over the past few days, with the MACD indicator showing a significant increase. However, this is occurring during a period of high greed sentiment, which can be a contrarian indicator. Additionally, the RSI (Relative Strength Index) has reached 67.91, indicating that the SOL price may be due for a correction. Furthermore, the Simple Moving Average (SMA) indicators are showing a slight divergence between the short-term and long-term moving averages, suggesting potential reversal. Considering these technical indicators and macro conditions, it is recommended to Sell SOL."
2025-08-16,Sell,0.72,"The SOL price has been increasing rapidly over the last few days, but the Fear and Greed Index indicates that the market is currently in a ""Greed"" phase. This suggests that the current prices may be overvalued. Furthermore, the MACD indicator is above the signal line, indicating potential selling pressure. Additionally, the Simple Moving Average 200 (SMA200) and SMA50 are converging, suggesting that SOL's price momentum is slowing down. These technical indicators suggest a potential top in the market, which warrants a ""Sell"" decision with moderate confidence."
2025-08-17,Buy,0.8,"The SOL price has been increasing steadily over the past few days, with a significant spike on August 13th. The fear and greed index is also in the greed zone, indicating that investors are optimistic about the market. However, the MACD indicator is showing a bearish crossover, suggesting that the price may be due for a correction. Despite this, the overall trend is bullish, and the price has not shown any significant signs of weakening. Therefore, based on the current trends and indicators, it is recommended to Buy SOL."
2025-08-18,Buy,0.68,"Based on the analysis of the last 30 days of metrics, SOL's price has been trending upwards with a steady increase in value. The fear and greed index is currently at a high level (75-80), indicating extreme optimism among investors. However, this is also a warning sign that the market might be due for a correction. The MACD indicator is showing bullish signals, but the RSI is also at an overbought level (67). Considering these factors, it's recommended to buy SOL with a moderate confidence level of 0.68."
